date,last_available_confirmed,last_available_deaths,new_confirmed,new_deaths,mean_confirmed,mean_deaths,pct_change_confirmed,pct_change_deaths
2020-03-14,1,0,1,0,0.0,0.0,0.0,0.0
2020-03-15,1,0,0,0,0.0,0.0,0.0,0.0
2020-03-16,5,0,4,0,0.0,0.0,0.0,0.0
2020-03-17,5,0,0,0,0.0,0.0,0.0,0.0
2020-03-18,6,0,1,0,0.0,0.0,0.0,0.0
2020-03-19,6,0,0,0,0.0,0.0,0.0,0.0
2020-03-20,7,0,1,0,1.0,0.0,0.0,0.0
2020-03-21,10,0,3,0,1.2857142857142858,0.0,0.0,0.0
2020-03-22,10,0,0,0,1.2857142857142858,0.0,0.0,0.0
2020-03-23,10,0,0,0,0.7142857142857143,0.0,0.0,0.0
2020-03-24,15,0,5,0,1.4285714285714286,0.0,0.0,0.0
2020-03-25,16,0,1,0,1.4285714285714286,0.0,0.0,0.0
2020-03-26,16,0,0,0,1.4285714285714286,0.0,0.0,0.0
2020-03-27,16,0,0,0,1.2857142857142858,0.0,0.0,0.0
2020-03-28,16,0,0,0,0.8571428571428571,0.0,inf,0.0
2020-03-29,16,0,0,0,0.8571428571428571,0.0,inf,0.0
2020-03-30,18,0,2,0,1.1428571428571428,0.0,inf,0.0
2020-03-31,19,0,1,0,0.5714285714285714,0.0,inf,0.0
2020-04-01,22,0,3,0,0.8571428571428571,0.0,inf,0.0
2020-04-02,24,2,2,2,1.1428571428571428,0.2857142857142857,inf,inf
2020-04-03,27,2,3,0,1.5714285714285714,0.2857142857142857,0.5714285714285714,inf
2020-04-04,32,3,5,1,2.2857142857142856,0.42857142857142855,0.7777777777777775,inf
2020-04-05,32,3,0,0,2.2857142857142856,0.42857142857142855,0.7777777777777775,inf
2020-04-06,32,4,0,1,2.0,0.5714285714285714,1.7999999999999998,inf
2020-04-07,36,4,4,0,2.4285714285714284,0.5714285714285714,0.6999999999999997,inf
2020-04-08,39,4,3,0,2.4285714285714284,0.5714285714285714,0.6999999999999997,inf
2020-04-09,40,4,1,0,2.2857142857142856,0.2857142857142857,0.5999999999999999,inf
2020-04-10,42,4,2,0,2.142857142857143,0.2857142857142857,0.6666666666666665,inf
2020-04-11,44,4,2,0,1.7142857142857142,0.14285714285714285,1.0,inf
2020-04-12,44,4,0,0,1.7142857142857142,0.14285714285714285,1.0,inf
2020-04-13,45,4,1,0,1.8571428571428572,0.0,0.6250000000000002,0.0
2020-04-14,46,4,1,0,1.4285714285714286,0.0,1.5,0.0
2020-04-15,48,4,2,0,1.2857142857142858,0.0,0.5000000000000002,0.0
2020-04-16,53,4,5,0,1.8571428571428572,0.0,0.6250000000000002,-1.0
2020-04-17,58,4,5,0,2.2857142857142856,0.0,0.4545454545454546,-1.0
2020-04-18,71,5,13,1,3.857142857142857,0.14285714285714285,0.6875000000000002,-0.6666666666666667
2020-04-19,86,5,15,0,6.0,0.14285714285714285,1.625,-0.6666666666666667
2020-04-20,92,5,6,0,6.714285714285714,0.14285714285714285,2.357142857142857,-0.75
2020-04-21,117,7,25,2,10.142857142857142,0.42857142857142855,3.1764705882352944,-0.25
2020-04-22,118,7,1,0,10.0,0.42857142857142855,3.11764705882353,-0.25
2020-04-23,135,8,17,1,11.714285714285714,0.5714285714285714,4.125,1.0
2020-04-24,145,8,10,0,12.428571428571429,0.5714285714285714,4.800000000000001,1.0
2020-04-25,154,9,9,1,11.857142857142858,0.5714285714285714,5.916666666666667,3.0
2020-04-26,175,9,21,0,12.714285714285714,0.5714285714285714,6.416666666666667,3.0
2020-04-27,211,11,36,2,17.0,0.8571428571428571,8.153846153846153,inf
2020-04-28,280,11,69,0,23.285714285714285,0.5714285714285714,15.299999999999997,inf
2020-04-29,280,11,0,0,23.142857142857142,0.5714285714285714,17.0,inf
2020-04-30,453,14,173,3,45.42857142857143,0.8571428571428571,23.461538461538463,inf
2020-05-01,517,14,64,0,53.142857142857146,0.8571428571428571,22.250000000000004,inf
2020-05-02,601,14,84,0,63.857142857142854,0.7142857142857143,15.555555555555554,4.0
2020-05-03,730,14,129,0,79.28571428571429,0.7142857142857143,12.214285714285715,4.0
2020-05-04,772,17,42,3,80.14285714285714,0.8571428571428571,10.936170212765957,5.0
2020-05-05,898,21,126,4,88.28571428571429,1.4285714285714286,7.704225352112678,2.3333333333333335
2020-05-06,998,23,100,2,102.57142857142857,1.7142857142857142,9.257142857142856,3.0
2020-05-07,1214,25,216,2,108.71428571428571,1.5714285714285714,8.28048780487805,1.75
2020-05-08,1438,28,224,3,131.57142857142858,2.0,9.586206896551724,2.5
2020-05-09,1588,33,150,5,141.0,2.7142857142857144,10.89156626506024,3.750000000000001
2020-05-10,1771,34,183,1,148.71428571428572,2.857142857142857,10.696629213483147,4.0
2020-05-11,1800,37,29,3,146.85714285714286,2.857142857142857,7.6386554621848735,2.3333333333333335
2020-05-12,2032,37,232,0,162.0,2.2857142857142856,5.957055214723927,3.0
2020-05-13,2268,42,236,5,181.42857142857142,2.7142857142857144,6.8395061728395055,3.750000000000001
2020-05-14,2494,47,226,5,182.85714285714286,3.142857142857143,3.0251572327044025,2.666666666666667
2020-05-15,2868,50,374,3,204.28571428571428,3.142857142857143,2.844086021505376,2.666666666666667
2020-05-16,3135,53,267,3,221.0,2.857142857142857,2.4608501118568236,3.0
2020-05-17,3343,57,208,4,224.57142857142858,3.2857142857142856,1.8324324324324324,3.5999999999999996
2020-05-18,3566,59,223,2,252.28571428571428,3.142857142857143,2.1479500891265597,2.666666666666667
2020-05-19,3967,63,401,4,276.42857142857144,3.7142857142857144,2.1310679611650487,1.6
2020-05-20,4277,69,310,6,287.0,3.857142857142857,1.798050139275766,1.25
2020-05-21,4734,76,457,7,320.0,4.142857142857143,1.9434954007884366,1.6363636363636367
2020-05-22,4922,82,188,6,293.42857142857144,4.571428571428571,1.230184581976113,1.2857142857142856
2020-05-23,5131,86,209,4,285.14285714285717,4.714285714285714,1.0222897669706184,0.736842105263158
2020-05-24,5314,93,183,7,281.57142857142856,5.142857142857143,0.8933717579250717,0.8
2020-05-25,5448,103,134,10,268.85714285714283,6.285714285714286,0.8307392996108947,1.1999999999999997
2020-05-26,5735,116,287,13,252.57142857142858,7.571428571428571,0.5590828924162259,2.3125
2020-05-27,5912,127,177,11,233.57142857142858,8.285714285714286,0.28740157480314976,2.0526315789473686
2020-05-28,6156,135,244,8,203.14285714285714,8.428571428571429,0.11093749999999991,1.681818181818182
2020-05-29,6462,142,306,7,220.0,8.571428571428571,0.07692307692307687,1.727272727272727
2020-05-30,6805,149,343,7,239.14285714285714,9.0,0.0820943762120232,2.15
2020-05-31,6999,158,194,9,240.71428571428572,9.285714285714286,0.0718829516539441,1.8260869565217397
2020-06-01,7233,166,234,8,255.0,9.0,0.01075877689694238,1.8636363636363638
2020-06-02,7555,172,322,6,260.0,8.0,-0.05943152454780365,1.1538461538461537
2020-06-03,7989,180,434,8,296.7142857142857,7.571428571428571,0.03384768541562977,0.9629629629629628
2020-06-04,8200,186,211,6,292.0,7.285714285714286,-0.08750000000000002,0.7586206896551722
2020-06-05,8577,198,377,12,302.14285714285717,8.0,0.02969814995131448,0.75
2020-06-06,8972,208,395,10,309.57142857142856,8.428571428571429,0.08567134268537058,0.7878787878787878
2020-06-07,9290,217,318,9,327.2857142857143,8.428571428571429,0.16235413495687467,0.6388888888888888
2020-06-08,9727,234,437,17,356.2857142857143,9.714285714285714,0.3251859723698194,0.5454545454545454
2020-06-09,10126,252,399,18,367.2857142857143,11.428571428571429,0.4541855203619909,0.509433962264151
2020-06-10,10615,264,489,12,375.14285714285717,12.0,0.6061162079510705,0.4482758620689653
2020-06-11,11056,283,441,19,408.0,13.857142857142858,1.0084388185654007,0.6440677966101696
2020-06-12,11534,305,478,22,422.42857142857144,15.285714285714286,0.9201298701298701,0.7833333333333334
2020-06-13,12866,316,1332,11,556.2857142857143,15.428571428571429,1.3261648745519716,0.7142857142857144
2020-06-14,13968,330,1102,14,668.2857142857143,16.142857142857142,1.776261127596439,0.7384615384615383
2020-06-15,15675,352,1707,22,849.7142857142857,16.857142857142858,2.3322128851540613,0.873015873015873
2020-06-16,16310,364,635,12,883.4285714285714,16.0,2.3978021978021977,1.0
2020-06-17,16807,383,497,19,884.5714285714286,17.0,1.9812229176697156,1.2452830188679247
2020-06-18,17338,400,531,17,897.4285714285714,16.714285714285715,2.073385518590998,1.2941176470588238
2020-06-19,17808,426,470,26,896.2857142857143,17.285714285714285,1.9664302600472814,1.1607142857142856
2020-06-20,18449,448,641,22,797.5714285714286,18.857142857142858,1.5763728657129672,1.2372881355932202
2020-06-21,18985,462,536,14,716.7142857142857,18.857142857142858,1.189873417721519,1.2372881355932202
2020-06-22,19384,491,399,29,529.8571428571429,19.857142857142858,0.4871692060946273,1.0441176470588238
2020-06-23,19883,511,499,20,510.42857142857144,21.0,0.3897316219369895,0.8374999999999999
2020-06-24,20353,524,470,13,506.57142857142856,20.142857142857142,0.35034272658035026,0.6785714285714286
2020-06-25,21081,554,728,30,534.7142857142857,22.0,0.31057422969187654,0.5876288659793814
2020-06-26,21908,579,827,25,585.7142857142857,21.857142857142858,0.3865404125803178,0.4299065420560748
2020-06-27,23319,605,1411,26,695.7142857142857,22.428571428571427,0.2506420133538776,0.4537037037037035
2020-06-28,24421,620,1102,15,776.5714285714286,22.571428571428573,0.1620350577169729,0.3982300884955754
2020-06-29,24817,653,396,33,776.1428571428571,23.142857142857142,-0.08658372562205785,0.3728813559322033
2020-06-30,25411,676,594,23,789.7142857142857,23.571428571428573,-0.10608020698576981,0.4732142857142858
2020-07-01,26612,725,1201,49,894.1428571428571,28.714285714285715,0.010820413436692489,0.6890756302521008
2020-07-02,26612,725,0,0,790.1428571428571,24.428571428571427,-0.11954791467685455,0.46153846153846145
2020-07-03,28186,764,1574,39,896.8571428571429,26.428571428571427,0.0006375518010837133,0.5289256198347108
2020-07-04,29761,783,1575,19,920.2857142857143,25.428571428571427,0.15385993193623504,0.3484848484848484
2020-07-05,30217,798,456,15,828.0,25.428571428571427,0.15527207494518636,0.3484848484848484
2020-07-06,30718,826,501,28,843.0,24.714285714285715,0.5909948773254246,0.24460431654676262
2020-07-07,31640,851,922,25,889.8571428571429,25.0,0.7433529247131263,0.19047619047619047
2020-07-08,32490,875,850,24,839.7142857142857,21.428571428571427,0.6576424139875916,0.06382978723404253
2020-07-09,33416,901,926,26,972.0,25.142857142857142,0.8177932139994659,0.1428571428571428
2020-07-10,34713,931,1297,30,932.4285714285714,23.857142857142858,0.5919512195121952,0.0915032679738561
2020-07-11,36046,954,1333,23,897.8571428571429,24.428571428571427,0.29055441478439437,0.08917197452229297
2020-07-12,37631,984,1585,30,1059.142857142857,26.571428571428573,0.36387049300956575,0.17721518987341778
2020-07-13,38221,1012,590,28,1071.857142857143,26.571428571428573,0.3810049696300388,0.14814814814814814
2020-07-14,39167,1033,946,21,1075.2857142857142,26.0,0.36161360347322713,0.10303030303030303
2020-07-15,40139,1054,972,21,1092.7142857142858,25.571428571428573,0.22208020450551214,-0.1094527363184079
2020-07-16,41226,1071,1087,17,1115.7142857142858,24.285714285714285,0.41204122220213346,-0.005847953216374213
2020-07-17,41888,1088,662,17,1025.0,22.428571428571427,0.14287989805670587,-0.15135135135135136
2020-07-18,43072,1111,1184,23,1003.7142857142857,22.428571428571427,0.09065507606333423,-0.1179775280898876
2020-07-19,45243,1125,2171,14,1087.4285714285713,20.142857142857142,0.31331953071083496,-0.2078651685393258
2020-07-20,46059,1156,816,31,1119.7142857142858,20.571428571428573,0.3282494492458905,-0.16763005780346818
2020-07-21,47110,1182,1051,26,1134.7142857142858,21.285714285714285,0.27516455289773645,-0.14857142857142858
2020-07-22,48140,1211,1030,29,1143.0,22.428571428571427,0.3611772711806738,0.046666666666666634
2020-07-23,49397,1247,1257,36,1167.2857142857142,25.142857142857142,0.20091122868900646,0.0
2020-07-24,51132,1284,1735,37,1320.5714285714287,28.0,0.41627087482763914,0.17365269461077837
2020-07-25,52264,1303,1132,19,1313.142857142857,27.428571428571427,0.4625298329355607,0.12280701754385959
2020-07-26,52603,1314,339,11,1051.4285714285713,27.0,-0.007283517669274375,0.016129032258064502
2020-07-27,53612,1340,1009,26,1079.0,26.285714285714285,0.0066640010662402105,-0.010752688172043112
2020-07-28,55009,1359,1397,19,1128.4285714285713,25.285714285714285,0.04942208051016328,-0.027472527472527486
2020-07-29,56214,1390,1205,31,1153.4285714285713,25.571428571428573,0.05556281866910684,0.0
2020-07-30,57684,1408,1470,18,1183.857142857143,23.0,0.06107554417413574,-0.05294117647058816
2020-07-31,58713,1434,1029,26,1083.0,21.428571428571427,0.05658536585365859,-0.04458598726114649
2020-08-01,59724,1448,1011,14,1065.7142857142858,20.714285714285715,0.06177056646740686,-0.07643312101910815
2020-08-02,60035,1465,311,17,1061.7142857142858,21.571428571428573,-0.02364687335785587,0.07092198581560294
2020-08-03,60479,1489,444,24,981.0,21.285714285714285,-0.12388364378668038,0.0347222222222221
2020-08-04,61069,1509,590,20,865.7142857142857,21.428571428571427,-0.23706408158126657,0.006711409395973034
2020-08-05,61986,1525,917,16,824.5714285714286,19.285714285714285,-0.27859017622797155,-0.14012738853503182
2020-08-06,63728,1558,1742,33,863.4285714285714,21.428571428571427,-0.26031085546444743,-0.14772727272727282
2020-08-07,63728,1558,0,0,716.4285714285714,17.714285714285715,-0.45748593682388583,-0.36734693877551017
2020-08-08,64271,1577,543,19,649.5714285714286,18.428571428571427,-0.5053307223672758,-0.328125
2020-08-09,64693,1589,422,12,665.4285714285714,17.714285714285715,-0.3671195652173912,-0.34391534391534384
2020-08-10,64974,1614,281,25,642.1428571428571,17.857142857142858,-0.4048722361975374,-0.32065217391304346
2020-08-11,65455,1633,481,19,626.5714285714286,17.714285714285715,-0.44473984048613746,-0.2994350282485875
2020-08-12,65865,1653,410,20,554.1428571428571,18.285714285714285,-0.5195689868714392,-0.2849162011173185
2020-08-13,66810,1670,945,17,440.2857142857143,16.0,-0.628092192590805,-0.30434782608695654
2020-08-14,67225,1684,415,14,499.57142857142856,18.0,-0.5387152090753199,-0.15999999999999992
2020-08-15,67701,1696,476,12,490.0,17.0,-0.5402144772117963,-0.17931034482758623
2020-08-16,67997,1705,296,9,472.0,16.571428571428573,-0.5554359526372443,-0.23178807947019864
2020-08-17,68313,1717,316,12,477.0,14.714285714285714,-0.5137614678899083,-0.3087248322147651
2020-08-18,68699,1729,386,12,463.42857142857144,13.714285714285714,-0.4646864686468647,-0.36
2020-08-19,69067,1745,368,16,457.42857142857144,13.142857142857142,-0.44525294525294523,-0.31851851851851853
2020-08-20,69502,1757,435,12,384.57142857142856,12.428571428571429,-0.5545996029119789,-0.41999999999999993
2020-08-21,69845,1761,343,4,374.2857142857143,11.0,-0.477567298105683,-0.3790322580645161
2020-08-22,70252,1771,407,10,364.42857142857144,10.714285714285714,-0.4389707499450186,-0.41860465116279066
2020-08-23,70472,1782,220,11,353.57142857142856,11.0,-0.46865607556891375,-0.3790322580645161
2020-08-24,70606,1793,134,11,327.57142857142856,10.857142857142858,-0.4898776418242492,-0.392
2020-08-25,70926,1808,320,15,318.14285714285717,11.285714285714286,-0.49224806201550386,-0.3629032258064516
2020-08-26,71222,1822,296,14,307.85714285714283,11.0,-0.4444444444444444,-0.3984375
2020-08-27,71599,1830,377,8,299.57142857142856,10.428571428571429,-0.31959766385463984,-0.3482142857142857
2020-08-28,72039,1837,440,7,313.42857142857144,10.857142857142858,-0.372605090077209,-0.39682539682539675
2020-08-29,72280,1839,241,2,289.7142857142857,9.714285714285714,-0.4087463556851312,-0.4285714285714286
2020-08-30,72417,1844,137,5,277.85714285714283,8.857142857142858,-0.4113196125907991,-0.4655172413793104
2020-08-31,72528,1857,111,13,274.57142857142856,9.142857142857142,-0.4243785564540282,-0.3786407766990292
2020-09-01,72721,1867,193,10,256.42857142857144,8.428571428571429,-0.44667077681874223,-0.38541666666666663
2020-09-02,72931,1873,210,6,244.14285714285714,7.285714285714286,-0.46627108057464084,-0.44565217391304346
2020-09-03,73182,1877,251,4,226.14285714285714,6.714285714285714,-0.41196136701337294,-0.45977011494252873
2020-09-04,73383,1880,201,3,192.0,6.142857142857143,-0.48702290076335875,-0.4415584415584415
2020-09-05,73631,1885,248,5,193.0,6.571428571428571,-0.4704037632301059,-0.3866666666666666
2020-09-06,73740,1893,109,8,189.0,7.0,-0.46545454545454545,-0.36363636363636365
2020-09-07,73846,1898,106,5,188.28571428571428,5.857142857142857,-0.42520715220235494,-0.4605263157894738
2020-09-08,73846,1898,0,0,160.71428571428572,4.428571428571429,-0.4948361023798833,-0.6075949367088608
2020-09-09,74121,1920,275,22,170.0,6.714285714285714,-0.4477958236658932,-0.38961038961038963
2020-09-10,74386,1933,265,13,172.0,8.0,-0.4258464473056748,-0.23287671232876717
2020-09-11,74645,1939,259,6,180.28571428571428,8.428571428571429,-0.4247948951686418,-0.22368421052631582
2020-09-12,74765,1945,120,6,162.0,8.571428571428571,-0.44082840236686394,-0.11764705882352933
2020-09-13,74833,1949,68,4,156.14285714285714,8.0,-0.4380462724935732,-0.09677419354838712
2020-09-14,75046,1956,213,7,171.42857142857142,8.285714285714286,-0.37565036420395426,-0.09374999999999989
2020-09-15,75203,1962,157,6,193.85714285714286,9.142857142857142,-0.24401114206128138,0.0847457627118644
2020-09-16,75342,1965,139,3,174.42857142857142,6.428571428571429,-0.2855471035693389,-0.11764705882352933
2020-09-17,75560,1968,218,3,167.71428571428572,5.0,-0.2583701831964623,-0.25531914893617025
2020-09-18,75664,1972,104,4,145.57142857142858,4.714285714285714,-0.24181547619047616,-0.2325581395348838
2020-09-19,75772,1976,108,4,143.85714285714286,4.428571428571429,-0.2546262028127313,-0.326086956521739
2020-09-20,75873,1981,101,5,148.57142857142858,4.571428571428571,-0.21390778533635668,-0.34693877551020413
2020-09-21,76073,1987,200,6,146.71428571428572,4.428571428571429,-0.22078907435508344,-0.24390243902439013
2020-09-22,76193,1993,120,6,141.42857142857142,4.428571428571429,-0.1200000000000001,0.0
2020-09-23,76353,1999,160,6,144.42857142857142,4.857142857142857,-0.1504201680672269,-0.27659574468085113
2020-09-24,76603,2004,250,5,149.0,5.142857142857143,-0.13372093023255816,-0.3571428571428571
2020-09-25,76727,2010,124,6,151.85714285714286,5.428571428571429,-0.15768621236133118,-0.35593220338983045
2020-09-26,76917,2015,190,5,163.57142857142858,5.571428571428571,0.009700176366843172,-0.35
2020-09-27,77083,2019,166,4,172.85714285714286,5.428571428571429,0.10704483074107962,-0.3214285714285714
2020-09-28,77172,2025,89,6,157.0,5.428571428571429,-0.08416666666666661,-0.3448275862068966
2020-09-29,77280,2031,108,6,155.28571428571428,5.428571428571429,-0.19896831245394253,-0.4062499999999999
2020-09-30,77440,2036,160,5,155.28571428571428,5.285714285714286,-0.10974610974610977,-0.1777777777777778
2020-10-01,77635,2040,195,4,147.42857142857142,5.142857142857143,-0.12095400340715512,0.028571428571428692
2020-10-02,77779,2045,144,5,150.28571428571428,5.0,0.03238469087340512,0.06060606060606055
2020-10-03,78002,2051,223,6,155.0,5.142857142857143,0.07745779543197617,0.16129032258064524
2020-10-04,78195,2055,193,4,158.85714285714286,5.142857142857143,0.0692307692307692,0.12500000000000022
2020-10-05,78380,2061,185,6,172.57142857142858,5.142857142857143,0.17624148003894846,0.16129032258064524
2020-10-06,78525,2067,145,6,177.85714285714286,5.142857142857143,0.2575757575757578,0.16129032258064524
2020-10-07,78692,2072,167,5,178.85714285714286,5.142857142857143,0.2383778437190902,0.05882352941176494
2020-10-08,78957,2078,265,6,188.85714285714286,5.428571428571429,0.2674976030680729,0.05555555555555558
2020-10-09,79245,2083,288,5,209.42857142857142,5.428571428571429,0.37911571025399793,0.0
2020-10-10,79501,2089,256,6,214.14285714285714,5.428571428571429,0.3091703056768558,-0.02564102564102555
2020-10-11,79896,2095,395,6,243.0,5.714285714285714,0.4057851239669421,0.05263157894736836
2020-10-12,79975,2102,79,7,227.85714285714286,5.857142857142857,0.45131938125568705,0.07894736842105243
2020-10-13,80234,2107,259,5,244.14285714285714,5.714285714285714,0.5722171113155474,0.05263157894736836
2020-10-14,80427,2113,193,6,247.85714285714286,5.857142857142857,0.596136154553818,0.10810810810810811
2020-10-15,80733,2118,306,5,253.71428571428572,5.714285714285714,0.7209302325581397,0.11111111111111116
2020-10-16,80925,2124,192,6,240.0,5.857142857142857,0.5969581749049431,0.17142857142857126
2020-10-17,81119,2129,194,5,231.14285714285714,5.714285714285714,0.49124423963133634,0.11111111111111116
2020-10-18,81564,2134,445,5,238.28571428571428,5.571428571428571,0.5,0.08333333333333326
2020-10-19,82040,2139,476,5,295.0,5.285714285714286,0.709437086092715,0.02777777777777768
2020-10-20,82301,2145,261,6,295.2857142857143,5.428571428571429,0.6602409638554216,0.05555555555555558
2020-10-21,82826,2151,525,6,342.7142857142857,5.428571428571429,0.9161341853035143,0.05555555555555558
2020-10-22,83139,2157,313,6,343.7142857142857,5.571428571428571,0.8199697428139183,0.02631578947368407
2020-10-23,83407,2163,268,6,354.57142857142856,5.571428571428571,0.6930422919508867,0.02631578947368407
2020-10-24,83646,2168,239,5,361.0,5.571428571428571,0.685790527018012,0.02631578947368407
2020-10-25,83794,2172,148,4,318.57142857142856,5.428571428571429,0.3109935332157554,-0.04999999999999993
2020-10-26,83863,2178,69,6,260.42857142857144,5.571428571428571,0.14294670846394997,-0.04878048780487798
2020-10-27,83965,2184,102,6,237.71428571428572,5.571428571428571,-0.02633118782913979,-0.025000000000000022
2020-10-28,84048,2190,83,6,174.57142857142858,5.571428571428571,-0.2956772334293948,-0.04878048780487798
2020-10-29,84171,2195,123,5,147.42857142857142,5.428571428571429,-0.41891891891891897,-0.04999999999999993
2020-10-30,84237,2201,66,6,118.57142857142857,5.428571428571429,-0.5059523809523809,-0.07317073170731692
2020-10-31,84326,2206,89,5,97.14285714285714,5.428571428571429,-0.5797280593325093,-0.04999999999999993
2020-11-01,84362,2211,36,5,81.14285714285714,5.571428571428571,-0.6594724220623501,0.0
2020-11-02,84491,2217,129,6,89.71428571428571,5.571428571428571,-0.6958837772397095,0.054054054054053946
2020-11-03,84577,2223,86,6,87.42857142857143,5.571428571428571,-0.7039187227866472,0.02631578947368407
2020-11-04,84709,2228,132,5,94.42857142857143,5.428571428571429,-0.7244685285535639,0.0
2020-11-05,84810,2231,101,3,91.28571428571429,5.142857142857143,-0.7344139650872819,-0.07692307692307676
2020-11-06,85053,2235,243,4,116.57142857142857,4.857142857142857,-0.6712328767123288,-0.1282051282051282
2020-11-07,85226,2239,173,4,128.57142857142858,4.714285714285714,-0.6438464582508904,-0.15384615384615374
2020-11-08,85377,2243,151,4,145.0,4.571428571428571,-0.5448430493273542,-0.1578947368421053
2020-11-09,85477,2244,100,1,140.85714285714286,3.857142857142857,-0.4591332967635765,-0.3076923076923076
2020-11-10,85574,2246,97,2,142.42857142857142,3.2857142857142856,-0.40084134615384626,-0.41025641025641024
2020-11-11,85643,2247,69,1,133.42857142857142,2.7142857142857144,-0.23567921440261874,-0.5128205128205128
2020-11-12,85804,2250,161,3,142.0,2.7142857142857144,-0.036821705426356544,-0.5
2020-11-13,85893,2254,89,4,120.0,2.7142857142857144,0.012048192771084265,-0.5
2020-11-14,85980,2257,87,3,107.71428571428571,2.5714285714285716,0.10882352941176476,-0.5263157894736842
2020-11-15,86045,2259,65,2,95.42857142857143,2.2857142857142856,0.176056338028169,-0.5897435897435898
2020-11-16,86146,2260,101,1,95.57142857142857,2.2857142857142856,0.0652866242038217,-0.5897435897435898
2020-11-17,86273,2263,127,3,99.85714285714286,2.4285714285714284,0.14215686274509798,-0.5641025641025641
2020-11-18,86361,2266,88,3,102.57142857142857,2.7142857142857144,0.086232980332829,-0.5
2020-11-19,86612,2270,251,4,115.42857142857143,2.857142857142857,0.26447574334898283,-0.4444444444444444
2020-11-20,86847,2274,235,4,136.28571428571428,2.857142857142857,0.16911764705882337,-0.4117647058823529
2020-11-21,87089,2274,242,0,158.42857142857142,2.4285714285714284,0.2322222222222221,-0.48484848484848486
2020-11-22,87248,2275,159,1,171.85714285714286,2.2857142857142856,0.18522167487684738,-0.5
2020-11-23,87477,2279,229,4,190.14285714285714,2.7142857142857144,0.34989858012170383,-0.2962962962962963
2020-11-24,87800,2283,323,4,218.14285714285714,2.857142857142857,0.5315947843530593,-0.13043478260869557
2020-11-25,88100,2288,300,5,248.42857142857142,3.142857142857143,0.8618843683083512,0.1578947368421051
2020-11-26,88661,2292,561,4,292.7142857142857,3.142857142857143,1.0613682092555332,0.1578947368421051
2020-11-27,88999,2296,338,4,307.42857142857144,3.142857142857143,1.5619047619047621,0.1578947368421051
2020-11-28,89507,2300,508,4,345.42857142857144,3.7142857142857144,2.2068965517241383,0.4444444444444444
2020-11-29,89998,2304,491,4,392.85714285714283,4.142857142857143,3.116766467065868,0.8125000000000002
2020-11-30,90148,2308,150,4,381.57142857142856,4.142857142857143,2.992526158445441,0.8125000000000002
2020-12-01,90386,2312,238,4,369.42857142857144,4.142857142857143,2.699570815450644,0.7058823529411768
2020-12-02,90920,2316,534,4,402.85714285714283,4.0,2.927576601671309,0.4736842105263157
2020-12-03,91718,2320,798,4,436.7142857142857,4.0,2.7834158415841586,0.3999999999999999
2020-12-04,91793,2324,75,4,399.14285714285717,4.0,1.9287211740041932,0.3999999999999999
2020-12-05,91854,2329,61,5,335.2857142857143,4.142857142857143,1.1163210099188459,0.7058823529411768
2020-12-06,94451,2333,2597,4,636.1428571428571,4.142857142857143,2.701579384871155,0.8125000000000002
2020-12-07,95174,2337,723,4,718.0,4.142857142857143,2.77610818933133,0.5263157894736843
2020-12-08,95493,2341,319,4,729.5714285714286,4.142857142857143,2.344466273739358,0.4500000000000002
2020-12-09,96346,2346,853,5,775.1428571428571,4.285714285714286,2.120184013801035,0.36363636363636354
2020-12-10,96990,2351,644,5,753.1428571428571,4.428571428571429,1.5729624206930208,0.40909090909090917
2020-12-11,97562,2356,572,5,824.1428571428571,4.571428571428571,1.6807620817843865,0.4545454545454546
2020-12-12,98472,2361,910,5,945.4285714285714,4.571428571428571,1.7369727047146402,0.23076923076923062
2020-12-13,99151,2365,679,4,671.4285714285714,4.571428571428571,0.7090909090909092,0.10344827586206873
2020-12-14,99753,2370,602,5,654.1428571428571,4.714285714285714,0.7143391988019467,0.13793103448275845
2020-12-15,100371,2374,618,4,696.8571428571429,4.714285714285714,0.8863109048723898,0.13793103448275845
2020-12-16,101148,2381,777,7,686.0,5.0,0.7028368794326243,0.25
2020-12-17,101706,2387,558,6,673.7142857142857,5.142857142857143,0.5426889106967614,0.2857142857142858
2020-12-18,101810,2394,104,7,606.8571428571429,5.428571428571429,0.520400858983536,0.3571428571428572
2020-12-19,103042,2401,1232,7,652.8571428571429,5.714285714285714,0.9471665956540265,0.3793103448275861
2020-12-20,103955,2407,913,6,686.2857142857143,6.0,0.07882326521446226,0.4482758620689653
2020-12-21,104426,2413,471,6,667.5714285714286,6.142857142857143,-0.07023477914842824,0.482758620689655
2020-12-22,105018,2420,592,7,663.8571428571429,6.571428571428571,-0.09007244957900917,0.586206896551724
2020-12-23,105673,2427,655,7,646.4285714285714,6.571428571428571,-0.16605234058238105,0.5333333333333332
2020-12-24,106896,2434,1223,7,741.4285714285714,6.714285714285714,-0.015553869499241202,0.5161290322580645
2020-12-25,107721,2441,825,7,844.4285714285714,6.714285714285714,0.02461431790604962,0.46875
2020-12-26,108166,2448,445,7,732.0,6.714285714285714,-0.22574796010879417,0.46875
2020-12-27,108943,2454,777,6,712.5714285714286,6.714285714285714,0.061276595744680806,0.46875
2020-12-28,110001,2461,1058,7,796.4285714285714,6.857142857142857,0.21751474120987124,0.45454545454545436
2020-12-29,110804,2468,803,7,826.5714285714286,6.857142857142857,0.1861418614186141,0.45454545454545436
2020-12-30,111735,2476,931,8,866.0,7.0,0.26239067055393583,0.3999999999999999
2020-12-31,112505,2484,770,8,801.2857142857143,7.142857142857143,0.18935538592027168,0.38888888888888884
2021-01-01,113544,2492,1039,8,831.8571428571429,7.285714285714286,0.3707627118644068,0.3421052631578947
2021-01-02,113916,2500,372,8,821.4285714285714,7.428571428571429,0.2582056892778992,0.30000000000000004
2021-01-03,114685,2508,769,8,820.2857142857143,7.714285714285714,0.19525395503746878,0.2857142857142858
2021-01-04,115636,2516,951,8,805.0,7.857142857142857,0.205863471003638,0.2790697674418603
2021-01-05,116779,2524,1143,8,853.5714285714286,8.0,0.28577576931353543,0.21739130434782616
2021-01-06,117818,2532,1039,8,869.0,8.0,0.3443093922651934,0.21739130434782616
2021-01-07,119045,2544,1227,12,934.2857142857143,8.571428571428571,0.26011560693641633,0.2765957446808509
2021-01-08,120262,2554,1217,10,959.7142857142857,8.857142857142858,0.13652512265268135,0.3191489361702129
2021-01-09,121222,2563,960,9,1043.7142857142858,9.0,0.42583918813427024,0.34042553191489366
2021-01-10,122594,2574,1372,11,1129.857142857143,9.428571428571429,0.58560545308741,0.4042553191489362
2021-01-11,123836,2585,1242,11,1171.4285714285713,9.857142857142858,0.47085201793721954,0.4375000000000002
2021-01-12,124276,2595,440,10,1071.0,10.142857142857142,0.2957137919115105,0.47916666666666674
2021-01-13,124942,2607,666,12,1017.7142857142857,10.714285714285714,0.1751897063675354,0.5306122448979591
2021-01-14,126204,2617,1262,10,1022.7142857142857,10.428571428571429,0.2763415938669993,0.45999999999999996
2021-01-15,127349,2629,1145,12,1012.4285714285714,10.714285714285714,0.21707023870856945,0.47058823529411753
2021-01-16,127715,2640,366,11,927.5714285714286,11.0,0.12921739130434773,0.4807692307692306
2021-01-17,128395,2652,680,12,828.7142857142857,11.142857142857142,0.010275165447579226,0.4444444444444444
2021-01-18,128854,2662,459,10,716.8571428571429,11.0,-0.10949423247559886,0.40000000000000013
2021-01-19,129505,2674,651,12,747.0,11.285714285714286,-0.12485355648535568,0.4107142857142858
2021-01-20,130286,2685,781,11,763.4285714285714,11.142857142857142,-0.12148610882788091,0.3928571428571428
2021-01-21,131023,2697,737,12,688.4285714285714,11.428571428571429,-0.26314984709480127,0.3333333333333335
2021-01-22,131835,2710,812,13,640.8571428571429,11.571428571428571,-0.33224173861268225,0.30645161290322576
2021-01-23,132337,2719,502,9,660.2857142857143,11.285714285714286,-0.3673692855187517,0.25396825396825395
2021-01-24,132829,2727,492,8,633.4285714285714,10.714285714285714,-0.4393728663547857,0.13636363636363624
2021-01-25,133655,2736,826,9,685.8571428571429,10.571428571428571,-0.41451219512195114,0.0724637681159419
2021-01-26,134003,2746,348,10,642.5714285714286,10.285714285714286,-0.4000266773376018,0.014084507042253724
2021-01-27,134556,2755,553,9,610.0,10.0,-0.40061763054463784,-0.06666666666666665
2021-01-28,135385,2760,829,5,623.1428571428571,9.0,-0.3906970247241235,-0.136986301369863
2021-01-29,136280,2766,895,6,635.0,8.0,-0.37279525892479193,-0.2533333333333333
2021-01-30,136799,2773,519,7,637.4285714285714,7.714285714285714,-0.3127983982750654,-0.2987012987012987
2021-01-31,137417,2778,618,5,655.4285714285714,7.285714285714286,-0.20910187898638155,-0.34615384615384615
2021-02-01,138187,2786,770,8,647.4285714285714,7.142857142857143,-0.09685133519330413,-0.35064935064935066
2021-02-02,138611,2794,424,8,658.2857142857143,6.857142857142857,-0.11876075731497415,-0.39240506329113933
2021-02-03,139223,2801,612,7,666.7142857142857,6.571428571428571,-0.12668413173652704,-0.41025641025641024
2021-02-04,139611,2809,388,8,603.7142857142857,7.0,-0.1230545756380993,-0.38750000000000007
2021-02-05,140005,2818,394,9,532.1428571428571,7.428571428571429,-0.16963887650468135,-0.3580246913580246
2021-02-06,140272,2826,267,8,496.14285714285717,7.571428571428571,-0.24859368238857638,-0.329113924050633
2021-02-07,140623,2827,351,1,458.0,7.0,-0.27695083446098334,-0.34666666666666657
2021-02-08,141464,2834,841,7,468.14285714285717,6.857142857142857,-0.31743386794417827,-0.3513513513513514
2021-02-09,142073,2842,609,8,494.57142857142856,6.857142857142857,-0.23032458870609163,-0.33333333333333337
2021-02-10,142901,2849,828,7,525.4285714285714,6.857142857142857,-0.1386416861826698,-0.3142857142857143
2021-02-11,143400,2855,499,6,541.2857142857143,6.571428571428571,-0.13136176066024752,-0.2698412698412699
2021-02-12,143837,2861,437,6,547.4285714285714,6.142857142857143,-0.13790776152980877,-0.2321428571428571
2021-02-13,144493,2869,656,8,603.0,6.142857142857143,-0.05401165396683105,-0.20370370370370372
2021-02-14,145029,2876,536,7,629.4285714285714,7.0,-0.03966870095902353,-0.039215686274509776
2021-02-15,145677,2881,648,5,601.8571428571429,6.714285714285714,-0.07038834951456308,-0.06000000000000005
2021-02-16,146094,2886,417,5,574.4285714285714,6.285714285714286,-0.1273871527777778,-0.08333333333333326
2021-02-17,146558,2893,464,7,522.4285714285714,6.285714285714286,-0.21641311334904645,-0.04347826086956519
2021-02-18,146837,2896,279,3,491.0,5.857142857142857,-0.1867013724562233,-0.16326530612244905
2021-02-19,147266,2901,429,5,489.85714285714283,5.714285714285714,-0.07946308724832218,-0.23076923076923073
2021-02-20,147599,2906,333,5,443.7142857142857,5.285714285714286,-0.1056723293982148,-0.30188679245283023
2021-02-21,148026,2909,427,3,428.14285714285717,4.714285714285714,-0.06519026824703678,-0.326530612244898
2021-02-22,148372,2914,346,5,385.0,4.714285714285714,-0.17760146475434857,-0.3124999999999999
2021-02-23,148627,2921,255,7,361.85714285714283,5.0,-0.26834199884459853,-0.27083333333333326
2021-02-24,149077,2930,450,9,359.85714285714283,5.285714285714286,-0.3151169113648723,-0.22916666666666663
2021-02-25,149637,2940,560,10,400.0,6.285714285714286,-0.26101873845341783,-0.04347826086956519
2021-02-26,150042,2947,405,7,396.57142857142856,6.571428571428571,-0.2755741127348643,0.06976744186046502
2021-02-27,150533,2955,491,8,419.14285714285717,7.0,-0.3049040511727078,0.13953488372093026
2021-02-28,151411,2961,878,6,483.57142857142856,7.428571428571429,-0.23172945982750803,0.061224489795918435
2021-03-01,152003,2969,592,8,518.7142857142857,7.857142857142857,-0.1381438404937101,0.17021276595744683
2021-03-02,152367,2976,364,7,534.2857142857143,7.857142857142857,-0.06988311365332,0.25
2021-03-03,152986,2984,619,8,558.4285714285714,7.714285714285714,0.0689089417555373,0.2272727272727273
2021-03-04,153482,2993,496,9,549.2857142857143,7.571428571428571,0.11870817573465242,0.29268292682926833
2021-03-05,154031,3003,549,10,569.8571428571429,8.0,0.16331291921843105,0.3999999999999999
2021-03-06,154175,3013,144,10,520.2857142857143,8.285714285714286,0.1725692208628462,0.5675675675675678
2021-03-07,155384,3023,1209,10,567.5714285714286,8.857142857142858,0.325658992325659,0.8787878787878789
2021-03-08,156109,3032,725,9,586.5714285714286,9.0,0.5235621521335807,0.909090909090909
2021-03-09,156491,3043,382,11,589.1428571428571,9.571428571428571,0.6281089617054876,0.9142857142857141
2021-03-10,157088,3057,597,14,586.0,10.428571428571429,0.628423977768956,0.972972972972973
2021-03-11,157340,3072,252,15,551.1428571428571,11.285714285714286,0.37785714285714267,0.7954545454545456
2021-03-12,157535,3088,195,16,500.57142857142856,12.142857142857142,0.26224783861671463,0.8478260869565217
2021-03-13,158251,3105,716,17,582.2857142857143,13.142857142857142,0.38922972051806415,0.8775510204081631
2021-03-14,158800,3123,549,18,488.0,14.285714285714286,0.009158050221565794,0.9230769230769231
2021-03-15,159857,3141,1057,18,535.4285714285714,15.571428571428571,0.03222252822913818,0.9818181818181819
2021-03-16,160373,3163,516,22,554.5714285714286,17.142857142857142,0.03796791443850256,1.1818181818181817
2021-03-17,161841,3187,1468,24,679.0,18.571428571428573,0.21591199795344074,1.4074074074074074
2021-03-18,162651,3210,810,23,758.7142857142857,19.714285714285715,0.38127438231469424,1.6037735849056607
2021-03-19,163528,3234,877,24,856.1428571428571,20.857142857142858,0.5023815492604662,1.6071428571428572
2021-03-20,164590,3257,1062,23,905.5714285714286,21.714285714285715,0.7405271828665567,1.6206896551724137
2021-03-21,165916,3276,1326,19,1016.5714285714286,21.857142857142858,0.7910898565315883,1.467741935483871
2021-03-22,166617,3298,701,22,965.7142857142857,22.428571428571427,0.6463711641500243,1.492063492063492
2021-03-23,167736,3322,1119,24,1051.857142857143,22.714285714285715,0.7854025218234726,1.373134328358209
2021-03-24,168536,3347,800,25,956.4285714285714,22.857142857142858,0.6321306679668455,1.191780821917808
2021-03-25,169458,3368,922,21,972.4285714285714,22.571428571428573,0.7643856920684293,1.0
2021-03-26,170413,3389,955,21,983.5714285714286,22.142857142857142,0.9648972602739727,0.8235294117647058
2021-03-27,171261,3411,848,22,953.0,22.0,0.6366535819430814,0.673913043478261
2021-03-28,171701,3432,440,21,826.4285714285714,22.285714285714285,0.6935011709601875,0.5599999999999998
2021-03-29,172886,3456,1185,24,895.5714285714286,22.571428571428573,0.6726254002134471,0.4495412844036699
2021-03-30,173693,3478,807,22,851.0,22.285714285714285,0.5345182895414735,0.30000000000000004
2021-03-31,174600,3501,907,23,866.2857142857143,22.0,0.27582579423522,0.18461538461538463
2021-04-01,175582,3525,982,24,874.8571428571429,22.428571428571427,0.15307851628695168,0.1376811594202898
2021-04-02,176357,3550,775,25,849.1428571428571,23.0,-0.008176205573168671,0.10273972602739723
2021-04-03,177261,3572,904,22,857.1428571428571,23.0,-0.05347846663511602,0.05921052631578938
2021-04-04,178301,3592,1040,20,942.8571428571429,22.857142857142858,-0.07251264755480602,0.045751633986928164
2021-04-05,179278,3617,977,25,913.1428571428571,23.0,-0.05443786982248522,0.02547770700636942
2021-04-06,179790,3642,512,25,871.0,23.428571428571427,-0.17194078500611165,0.03144654088050314
2021-04-07,180483,3668,693,26,840.4285714285714,23.857142857142858,-0.12128454070201644,0.043749999999999956
2021-04-08,181312,3693,829,25,818.5714285714286,24.0,-0.15821947994711327,0.06329113924050622
2021-04-09,182014,3719,702,26,808.1428571428571,24.142857142857142,-0.17835875090777054,0.0903225806451613
2021-04-10,183112,3744,1098,25,835.8571428571429,24.571428571428573,-0.12292010193374303,0.11688311688311703
2021-04-11,184113,3770,1001,26,830.2857142857143,25.428571428571427,0.004667242869490051,0.14102564102564097
2021-04-12,184959,3796,846,26,811.5714285714286,25.571428571428573,-0.09379486361461153,0.13291139240506333
2021-04-13,186018,3822,1059,26,889.7142857142857,25.714285714285715,0.04549269766661057,0.15384615384615397
2021-04-14,186983,3849,965,27,928.5714285714286,25.857142857142858,0.07189973614775713,0.17532467532467533
2021-04-15,187656,3876,673,27,906.2857142857143,26.142857142857142,0.03592423252775956,0.16560509554140124
2021-04-16,188659,3903,1003,27,949.2857142857143,26.285714285714285,0.11793405114401079,0.1428571428571428
2021-04-17,189573,3929,914,26,923.0,26.428571428571427,0.07683333333333331,0.1490683229813663
2021-04-18,190234,3955,661,26,874.4285714285714,26.428571428571427,-0.07257575757575763,0.15625
2021-04-19,191537,3982,1303,27,939.7142857142857,26.571428571428573,0.029098873591989927,0.15527950310559002
2021-04-20,192542,4009,1005,27,932.0,26.714285714285715,0.07003444316877161,0.14024390243902451
2021-04-21,193271,4034,729,25,898.2857142857143,26.428571428571427,0.0688424273329935,0.10778443113772451
2021-04-22,194312,4061,1041,27,950.8571428571429,26.428571428571427,0.16160558464223396,0.10119047619047605
2021-04-23,195191,4088,879,27,933.1428571428571,26.428571428571427,0.15467562312179606,0.09467455621301779
2021-04-24,195993,4115,802,27,917.1428571428571,26.571428571428573,0.09724833361818486,0.08139534883720922
2021-04-25,196699,4137,706,22,923.5714285714286,26.0,0.11235375086028898,0.022471910112359605
2021-04-26,197562,4165,863,28,860.7142857142857,26.142857142857142,0.06055271959162112,0.022346368715083775
2021-04-27,198743,4192,1181,27,885.8571428571429,26.142857142857142,-0.004335260115606809,0.016666666666666607
2021-04-28,200024,4218,1281,26,964.7142857142857,26.285714285714285,0.03892307692307684,0.016574585635358963
2021-04-29,201124,4246,1100,28,973.1428571428571,26.428571428571427,0.07377049180327866,0.010928961748633892
2021-04-30,201779,4274,655,28,941.1428571428571,26.571428571428573,-0.008577878103837588,0.010869565217391353
2021-05-01,203036,4302,1257,28,1006.1428571428571,26.714285714285715,0.09007893514935761,0.010810810810810922
2021-05-02,204134,4329,1098,27,1062.142857142857,27.428571428571427,0.21467080542395034,0.037837837837837895
2021-05-03,205209,4357,1075,28,1092.4285714285713,27.428571428571427,0.1625114016418363,0.032258064516129004
2021-05-04,206081,4384,872,27,1048.2857142857142,27.428571428571427,0.12477007970570186,0.026737967914438387
2021-05-05,207326,4412,1245,28,1043.142857142857,27.714285714285715,0.1612595419847327,0.04864864864864882
2021-05-06,208357,4441,1031,29,1033.2857142857142,27.857142857142858,0.08668870192307687,0.05405405405405417
2021-05-07,209432,4469,1075,28,1093.2857142857142,27.857142857142858,0.17161665646050217,0.05405405405405417
2021-05-08,210319,4498,887,29,1040.4285714285713,28.0,0.13442367601246108,0.053763440860215006
2021-05-09,211032,4526,713,28,985.4285714285714,28.142857142857142,0.06697602474864661,0.08241758241758235
2021-05-10,211868,4554,836,28,951.2857142857143,28.142857142857142,0.10522821576763497,0.07650273224043724
2021-05-11,213061,4583,1193,29,997.1428571428571,28.428571428571427,0.1256248992098048,0.08743169398907091
2021-05-12,213763,4612,702,29,919.5714285714286,28.571428571428573,-0.046794017473715366,0.0869565217391306
2021-05-13,214662,4640,899,28,900.7142857142857,28.428571428571427,-0.07442748091603058,0.07567567567567579
2021-05-14,215831,4669,1169,29,914.1428571428571,28.571428571428573,-0.02868852459016391,0.07526881720430101
2021-05-15,216548,4696,717,27,889.8571428571429,28.285714285714285,-0.11557574897060907,0.05882352941176472
2021-05-16,217503,4718,955,22,924.4285714285714,27.428571428571427,-0.12965702757229314,0.0
2021-05-17,218603,4746,1100,28,962.1428571428571,27.428571428571427,-0.11926245586504503,0.0
2021-05-18,219607,4774,1004,28,935.1428571428571,27.285714285714285,-0.10793131643499587,-0.00520833333333337
2021-05-19,220619,4802,1012,28,979.4285714285714,27.142857142857142,-0.06107915639550798,-0.020618556701030966
2021-05-20,221542,4831,923,29,982.8571428571429,27.285714285714285,-0.04880409235448624,-0.02051282051282055
2021-05-21,222466,4859,924,28,947.8571428571429,27.142857142857142,-0.13301973082451313,-0.02564102564102566
2021-05-22,223789,4887,1323,28,1034.4285714285713,27.285714285714285,-0.005766854318275394,-0.025510204081632737
2021-05-23,225257,4902,1468,15,1107.7142857142858,26.285714285714285,0.12409394027254272,-0.06598984771573602
2021-05-24,226550,4927,1293,25,1135.2857142857142,25.857142857142858,0.19342243580117113,-0.08121827411167504
2021-05-25,227659,4953,1109,26,1150.2857142857142,25.571428571428573,0.15358166189111744,-0.10050251256281395
2021-05-26,228770,4980,1111,27,1164.4285714285713,25.428571428571427,0.26627310859095843,-0.1100000000000001
2021-05-27,230636,5004,1866,24,1299.142857142857,24.714285714285715,0.4423473433782712,-0.1306532663316582
2021-05-28,232255,5032,1619,28,1398.4285714285713,24.714285714285715,0.5297702766057195,-0.135
2021-05-29,233932,5054,1677,22,1449.0,23.857142857142858,0.6283512602343875,-0.15656565656565646
2021-05-30,235520,5071,1588,17,1466.142857142857,24.142857142857142,0.5859990727862772,-0.11979166666666663
2021-05-31,236905,5091,1385,20,1479.2857142857142,23.428571428571427,0.5374907201187824,-0.14583333333333337
2021-06-01,238276,5114,1371,23,1516.7142857142858,23.0,0.6219065077910175,-0.15706806282722507
2021-06-02,239400,5138,1124,24,1518.5714285714287,22.571428571428573,0.5504667444574096,-0.16842105263157892
2021-06-03,240297,5160,897,22,1380.142857142857,22.285714285714285,0.4042151162790697,-0.18324607329842935
2021-06-04,241148,5180,851,20,1270.4285714285713,21.142857142857142,0.3403165033911075,-0.2210526315789474
2021-06-05,242709,5200,1561,20,1253.857142857143,20.857142857142858,0.2121253970446073,-0.23560209424083767
2021-06-06,244074,5220,1365,20,1222.0,21.285714285714285,0.10317255610007736,-0.19021739130434778
2021-06-07,245333,5246,1259,26,1204.0,22.142857142857142,0.06052598464829506,-0.14364640883977908
2021-06-08,246305,5270,972,24,1147.0,22.285714285714285,-0.002856433184301954,-0.12849162011173199
2021-06-09,247141,5295,836,25,1105.857142857143,22.428571428571427,-0.050300576616366,-0.1179775280898876
2021-06-10,248490,5319,1349,24,1170.4285714285713,22.714285714285715,-0.09907631405322193,-0.08092485549132944
2021-06-11,249412,5344,922,25,1180.5714285714287,23.428571428571427,-0.15578710797834294,-0.05202312138728338
2021-06-12,250542,5365,1130,21,1119.0,23.571428571428573,-0.22774327122153204,-0.0119760479041916
2021-06-13,251851,5381,1309,16,1111.0,23.0,-0.24222936763129688,-0.047337278106508895
2021-06-14,252753,5405,902,24,1060.0,22.714285714285715,-0.2834379526798647,-0.030487804878048697
2021-06-15,253415,5429,662,24,1015.7142857142857,22.714285714285715,-0.3303192992370727,-0.012422360248447117
2021-06-16,254221,5453,806,24,1011.4285714285714,22.571428571428573,-0.3339604891815616,0.0
2021-06-17,254856,5478,635,25,909.4285714285714,22.714285714285715,-0.34106200186316116,0.019230769230769384
2021-06-18,256119,5503,1263,25,958.1428571428571,22.714285714285715,-0.24581131226807595,0.07432432432432434
2021-06-19,256935,5527,816,24,913.2857142857143,23.142857142857142,-0.2716190042155634,0.1095890410958904
2021-06-20,257407,5548,472,21,793.7142857142857,23.857142857142858,-0.3504793079261165,0.12080536912751683
2021-06-21,258425,5562,1018,14,810.2857142857143,22.428571428571427,-0.32700522069292826,0.012903225806451646
2021-06-22,259084,5583,659,21,809.8571428571429,22.0,-0.29393448748287454,-0.012820512820512775
2021-06-23,259664,5604,580,21,777.5714285714286,21.571428571428573,-0.2968608706885416,-0.03821656050955402
2021-06-24,260293,5617,629,13,776.7142857142857,19.857142857142858,-0.3363847186622727,-0.12578616352201255
2021-06-25,261364,5634,1071,17,749.2857142857143,18.714285714285715,-0.3653194578896418,-0.2012195121951219
2021-06-26,261972,5646,608,12,719.5714285714286,17.0,-0.3569513596323248,-0.2787878787878788
2021-06-27,262447,5652,475,6,720.0,14.857142857142858,-0.351935193519352,-0.35403726708074534
2021-06-28,262764,5664,317,12,619.8571428571429,14.571428571428571,-0.4152291105121293,-0.3584905660377359
2021-06-29,263114,5681,350,17,575.7142857142857,14.0,-0.4331926863572434,-0.3836477987421384
2021-06-30,263512,5698,398,17,549.7142857142857,13.428571428571429,-0.456497175141243,-0.40506329113924056
2021-07-01,264213,5714,701,16,560.0,13.857142857142858,-0.38422871504869616,-0.389937106918239
2021-07-02,264798,5732,585,18,490.57142857142856,14.0,-0.4879976144326823,-0.3836477987421384
2021-07-03,265278,5743,480,11,472.2857142857143,13.857142857142858,-0.48287189113092444,-0.4012345679012346
2021-07-04,265925,5756,647,13,496.85714285714283,14.857142857142858,-0.37401007919366447,-0.3772455089820359
2021-07-05,266273,5765,348,9,501.2857142857143,14.428571428571429,-0.3813469675599437,-0.3566878980891719
2021-07-06,266590,5773,317,8,496.57142857142856,13.142857142857142,-0.38684071264773334,-0.4025974025974026
2021-07-07,267107,5779,517,6,513.5714285714286,11.571428571428571,-0.33951864780451957,-0.4635761589403974
2021-07-08,267596,5786,489,7,483.2857142857143,10.285714285714286,-0.3777818649990804,-0.48201438848920863
2021-07-09,268229,5794,633,8,490.14285714285717,8.857142857142858,-0.3458531935176359,-0.5267175572519084
2021-07-10,268504,5802,275,8,460.85714285714283,8.428571428571429,-0.3595394083780028,-0.5042016806722689
2021-07-11,268803,5811,299,9,411.14285714285717,7.857142857142857,-0.4289682539682539,-0.47115384615384615
2021-07-12,269078,5820,275,9,400.7142857142857,7.857142857142857,-0.3535376814934317,-0.4607843137254902
2021-07-13,269198,5829,120,9,372.57142857142856,8.0,-0.35285359801488836,-0.4285714285714286
2021-07-14,269568,5837,370,8,351.57142857142856,8.285714285714286,-0.3604469854469854,-0.3829787234042553
2021-07-15,270077,5846,509,9,354.42857142857144,8.571428571428571,-0.3670918367346938,-0.38144329896907225
2021-07-16,270472,5853,395,7,320.42857142857144,8.428571428571429,-0.3468258590564939,-0.3979591836734694
2021-07-17,270619,5857,147,4,302.14285714285717,7.857142857142857,-0.36025408348457344,-0.4329896907216495
2021-07-18,270835,5860,216,3,290.2857142857143,7.0,-0.4157561817136285,-0.5288461538461539
2021-07-19,271012,5864,177,4,276.2857142857143,6.285714285714286,-0.4488458250213736,-0.5643564356435644
2021-07-20,271539,5870,527,6,334.42857142857144,5.857142857142857,-0.32652474108170304,-0.5543478260869565
